"type","word1","word2","word3","word4"
"leg","kick","tiptoe","walk","dance"
"leg","stumble","hike","sprint","trek"
"leg","bounce","rush","trip","cycle"
"arm","pat","pluck","scrape","pinch"
"arm","grip","snatch","fold","punch"
"arm","push","bind","clap","dunk"
"leg","pedal","hop","slip","stand"
"arm","scoop","whip","squeeze","shake"
"leg","stride","strut","glide","leap"
"leg","trample","skip","flee","march"
"arm","scrub","pull","slap","hug"
"leg","slide","limp","tramp","stomp"
"arm","clean","wipe","wrap","scratch"
"arm","rub","gesture","chop","dig"
"arm","polish","sign","throw","grab"
"leg","run","stroll","wade","step"
"leg","squat","sneak","kneel","jog"
"arm","click","carve","brush","poke"
"arm","knock","peel","catch","stab"
"leg","wander","skate","stray","jump"
